Keys (n),B-Trees
0,0.300000
50000,31804.200000
100000,62200.800000
150000,94804.100000
200000,126496.000000
250000,165869.500000
300000,189485.600000
350000,226639.000000
400000,303450.200000
450000,317513.400000
500000,383189.900000
550000,427835.200000
600000,414411.900000
650000,452438.200000
700000,495259.100000
750000,539841.400000
800000,589314.100000
850000,638070.500000
900000,737185.300000
950000,774482.800000
1000000,783122.400000
