Keys (n),Binary Search Trees,Red-Black Trees,B-Trees
0,9.560000
5000,16933.620000
10000,37026.080000
15000,57283.160000
20000,78816.140000
25000,108943.320000
30000,124023.120000
35000,155134.020000
40000,186494.920000
45000,215170.500000
50000,251532.620000
55000,244868.660000
60000,272291.200000
65000,300095.580000
70000,325971.840000
75000,357411.480000
80000,384224.200000
85000,421992.940000
90000,534249.600000
95000,792638.780000
100000,551460.020000
